{"cameraMode":{"drawMode":0,"name":"Shaded","section":"Shading Mode"},"sceneLighting":true,"audioPlay":false,"sceneViewState":{"showFog":true,"showMaterialUpdate":false,"showSkybox":true,"showFlares":true,"showImageEffects":true,"showParticleSystems":true},"in2DMode":false,"pivot":{"x":6.300000190734863,"y":16.200000762939454,"z":8.5},"rotation":{"x":0.0067520104348659519,"y":0.9929223656654358,"z":-0.07011730223894119,"w":0.09561454504728317},"size":-2.3000030517578127,"orthographic":false}